epoch,total_loss,data_loss,physics_loss,mass,damping,stiffness
0,2.450390577316284,2.450390577316284,0.0,1.6938929557800293,0.4592256546020508,82.84680938720703
1,16.837730407714844,16.837730407714844,0.0,1.6946556568145752,0.4583801329135895,82.84599304199219
2,14.345786094665527,14.345786094665527,0.0,1.6955246925354004,0.45746713876724243,82.8450927734375
3,7.932013511657715,7.932013511657715,0.0,1.6964200735092163,0.4565625786781311,82.84419250488281
4,0.40858960151672363,0.40858960151672363,0.0,1.6972366571426392,0.455797404050827,82.84342193603516
5,7.538309574127197,7.538309574127197,0.0,1.6980489492416382,0.4549950361251831,82.84262084960938
6,9.703917503356934,9.703917503356934,0.0,1.6988998651504517,0.4541475176811218,82.8417739868164
7,8.73914623260498,8.73914623260498,0.0,1.6997833251953125,0.45327481627464294,82.84090423583984
8,6.058837413787842,6.058837413787842,0.0,1.7006804943084717,0.4524083137512207,82.84003448486328
9,2.4986989498138428,2.4986989498138428,0.0,1.7015575170516968,0.451595276594162,82.8392105102539
10,1.4355021715164185,1.4355021715164185,0.0,1.7023329734802246,0.45083722472190857,82.83844757080078
11,2.951519012451172,2.951519012451172,0.0,1.703065037727356,0.4501020908355713,82.83770751953125
12,2.864384651184082,2.864384651184082,0.0,1.7037733793258667,0.44938960671424866,82.83698272705078
13,1.7565593719482422,1.7565593719482422,0.0,1.704453468322754,0.4487161934375763,82.83629608154297
14,0.10957350581884384,0.10957350581884384,0.0,1.7050668001174927,0.44810670614242554,82.83566284179688
15,0.7845386266708374,0.7845386266708374,0.0,1.7056597471237183,0.44754263758659363,82.83507537841797
16,0.7347870469093323,0.7347870469093323,0.0,1.7062567472457886,0.447025865316391,82.83452606201172
17,0.46182671189308167,0.46182671189308167,0.0,1.7067577838897705,0.44655096530914307,82.83399200439453
18,0.4804178476333618,0.4804178476333618,0.0,1.7071672677993774,0.4461108148097992,82.83348083496094
19,0.3776789605617523,0.3776789605617523,0.0,1.70759117603302,0.445717453956604,82.83300018310547
20,0.22732678055763245,0.22732678055763245,0.0,1.7080057859420776,0.4453648030757904,82.8325424194336
21,0.40309274196624756,0.40309274196624756,0.0,1.7084084749221802,0.44503411650657654,82.83212280273438
22,0.43785473704338074,0.43785473704338074,0.0,1.708831787109375,0.44472765922546387,82.83172607421875
23,0.25475966930389404,0.25475966930389404,0.0,1.7091518640518188,0.44444558024406433,82.83135223388672
24,0.2826055884361267,0.2826055884361267,0.0,1.7093673944473267,0.4441864788532257,82.83099365234375
25,0.42277759313583374,0.42277759313583374,0.0,1.7096511125564575,0.4439489245414734,82.83065032958984
26,0.3559536337852478,0.3559536337852478,0.0,1.7099860906600952,0.4437306523323059,82.83032989501953
27,0.18564800918102264,0.18564800918102264,0.0,1.7102395296096802,0.44352757930755615,82.83003234863281
28,0.15614545345306396,0.15614545345306396,0.0,1.7104408740997314,0.4433383643627167,82.82975769042969
29,0.191109299659729,0.191109299659729,0.0,1.7106530666351318,0.4431607723236084,82.82950592041016
30,0.1435825228691101,0.1435825228691101,0.0,1.7108522653579712,0.4429938495159149,82.82926940917969
31,0.2947714030742645,0.2947714030742645,0.0,1.7110596895217896,0.44283977150917053,82.82904815673828
32,0.30917105078697205,0.30917105078697205,0.0,1.7112841606140137,0.4426981508731842,82.8288345336914
33,0.17131353914737701,0.17131353914737701,0.0,1.711469054222107,0.44256341457366943,82.82862854003906
34,0.14780360460281372,0.14780360460281372,0.0,1.7116212844848633,0.4424355924129486,82.82843780517578
35,0.3013175427913666,0.3013175427913666,0.0,1.7117832899093628,0.4423164427280426,82.82825469970703
36,0.24785864353179932,0.24785864353179932,0.0,1.7119358777999878,0.44220462441444397,82.82807922363281
37,0.11784423887729645,0.11784423887729645,0.0,1.7121083736419678,0.44209879636764526,82.82791900634766
38,0.12998047471046448,0.12998047471046448,0.0,1.7123125791549683,0.4419996440410614,82.82776641845703
39,0.1883615404367447,0.1883615404367447,0.0,1.7124602794647217,0.4419041574001312,82.82762145996094
40,0.17044058442115784,0.17044058442115784,0.0,1.712546944618225,0.4418124854564667,82.82748413085938
41,0.18566691875457764,0.18566691875457764,0.0,1.7126911878585815,0.4417273700237274,82.82735443115234
42,0.17333830893039703,0.17333830893039703,0.0,1.712878942489624,0.44164934754371643,82.82723236083984
43,0.16344743967056274,0.16344743967056274,0.0,1.7130024433135986,0.44157397747039795,82.82711791992188
44,0.14383623003959656,0.14383623003959656,0.0,1.7130753993988037,0.4415016770362854,82.8270034790039
45,0.15468533337116241,0.15468533337116241,0.0,1.7131879329681396,0.44143176078796387,82.82689666748047
46,0.12234639376401901,0.12234639376401901,0.0,1.7133210897445679,0.4413636028766632,82.82679748535156
47,0.18353767693042755,0.18353767693042755,0.0,1.7134475708007812,0.44129911065101624,82.82669830322266
48,0.1814464032649994,0.1814464032649994,0.0,1.7135789394378662,0.44123896956443787,82.82660675048828
49,0.12121840566396713,0.12121840566396713,0.0,1.713696002960205,0.44117823243141174,82.8265151977539
50,0.11375885456800461,0.11375885456800461,0.0,1.713796854019165,0.4411172866821289,82.82643127441406
51,0.1839582920074463,0.1839582920074463,0.0,1.713913917541504,0.44106024503707886,82.82634735107422
52,0.1541701853275299,0.1541701853275299,0.0,1.714038610458374,0.44100677967071533,82.82626342773438
53,0.13838699460029602,0.13838699460029602,0.0,1.714163899421692,0.44095271825790405,82.82618713378906
54,0.13652288913726807,0.13652288913726807,0.0,1.7142961025238037,0.4408988952636719,82.82611083984375
55,0.12003257870674133,0.12003257870674133,0.0,1.7144155502319336,0.44084632396698,82.82603454589844
56,0.0922001302242279,0.0922001302242279,0.0,1.7145148515701294,0.44079461693763733,82.82596588134766
57,0.18620665371418,0.18620665371418,0.0,1.7146459817886353,0.44074440002441406,82.82589721679688
58,0.18274232745170593,0.18274232745170593,0.0,1.7148098945617676,0.44069647789001465,82.8258285522461
59,0.08756143599748611,0.08756143599748611,0.0,1.7149320840835571,0.4406481087207794,82.82575988769531
60,0.07584262639284134,0.07584262639284134,0.0,1.715022087097168,0.4405994415283203,82.82569885253906
61,0.17876176536083221,0.17876176536083221,0.0,1.7151371240615845,0.44055241346359253,82.82563781738281
62,0.14893858134746552,0.14893858134746552,0.0,1.715261697769165,0.44050681591033936,82.82557678222656
63,0.12270431220531464,0.12270431220531464,0.0,1.7153934240341187,0.44046086072921753,82.82551574707031
64,0.12189122289419174,0.12189122289419174,0.0,1.7155402898788452,0.4404153525829315,82.82545471191406
65,0.13577790558338165,0.13577790558338165,0.0,1.7156665325164795,0.44036999344825745,82.82539367675781
66,0.12568055093288422,0.12568055093288422,0.0,1.715773105621338,0.4403252601623535,82.82533264160156
67,0.12599492073059082,0.12599492073059082,0.0,1.7158979177474976,0.44028013944625854,82.82527160644531
68,0.09789449721574783,0.09789449721574783,0.0,1.7160285711288452,0.44023457169532776,82.82521057128906
69,0.1653609573841095,0.1653609573841095,0.0,1.7161674499511719,0.4401903450489044,82.82514953613281
70,0.16425402462482452,0.16425402462482452,0.0,1.7163199186325073,0.44014808535575867,82.82508850097656
71,0.07698925584554672,0.07698925584554672,0.0,1.7164546251296997,0.4401038885116577,82.82503509521484
72,0.05988366901874542,0.05988366901874542,0.0,1.716568112373352,0.44005849957466125,82.82498168945312
73,0.1927899569272995,0.1927899569272995,0.0,1.7167092561721802,0.4400145709514618,82.8249282836914
74,0.17966219782829285,0.17966219782829285,0.0,1.716873049736023,0.4399718940258026,82.82486724853516
75,0.06608057767152786,0.06608057767152786,0.0,1.717017412185669,0.4399286210536957,82.82481384277344
76,0.054568514227867126,0.054568514227867126,0.0,1.7171446084976196,0.43988585472106934,82.82476043701172
77,0.183891162276268,0.183891162276268,0.0,1.717289924621582,0.43984177708625793,82.82470703125
78,0.16784144937992096,0.16784144937992096,0.0,1.7174463272094727,0.43979620933532715,82.82465362548828
79,0.07536029815673828,0.07536029815673828,0.0,1.7175979614257812,0.4397530257701874,82.82460021972656
80,0.06512806564569473,0.06512806564569473,0.0,1.7177461385726929,0.4397129714488983,82.82454681396484
81,0.17307017743587494,0.17307017743587494,0.0,1.7178984880447388,0.4396692216396332,82.82449340820312
82,0.160516157746315,0.160516157746315,0.0,1.718051552772522,0.4396224319934845,82.8244400024414
83,0.07703975588083267,0.07703975588083267,0.0,1.7182070016860962,0.4395791292190552,82.82438659667969
84,0.06266231089830399,0.06266231089830399,0.0,1.718361735343933,0.4395393133163452,82.82433319091797
85,0.17549927532672882,0.17549927532672882,0.0,1.7185204029083252,0.4394960105419159,82.82427978515625
86,0.1652015894651413,0.1652015894651413,0.0,1.7186821699142456,0.43945032358169556,82.82422637939453
87,0.06586041301488876,0.06586041301488876,0.0,1.7188422679901123,0.43940672278404236,82.82417297363281
88,0.05057527869939804,0.05057527869939804,0.0,1.7189958095550537,0.4393649995326996,82.8241195678711
89,0.18435412645339966,0.18435412645339966,0.0,1.719159722328186,0.4393216669559479,82.82406616210938
90,0.1746947020292282,0.1746947020292282,0.0,1.7193328142166138,0.4392777681350708,82.82401275634766
91,0.05337029695510864,0.05337029695510864,0.0,1.7194969654083252,0.43923401832580566,82.82395935058594
92,0.04019111022353172,0.04019111022353172,0.0,1.71964693069458,0.43919065594673157,82.82390594482422
93,0.19112470746040344,0.19112470746040344,0.0,1.719812273979187,0.43914684653282166,82.8238525390625
94,0.17995858192443848,0.17995858192443848,0.0,1.7199901342391968,0.43910300731658936,82.82379913330078
95,0.04712703824043274,0.04712703824043274,0.0,1.7201557159423828,0.439059317111969,82.82374572753906
96,0.03585125133395195,0.03585125133395195,0.0,1.72030508518219,0.4390163719654083,82.82369232177734
97,0.19143976271152496,0.19143976271152496,0.0,1.720470905303955,0.43897199630737305,82.82363891601562
98,0.17918144166469574,0.17918144166469574,0.0,1.7206496000289917,0.4389262795448303,82.8235855102539
99,0.04555923864245415,0.04555923864245415,0.0,1.7208174467086792,0.4388824701309204,82.82353210449219
100,0.03467746824026108,0.03467746824026108,0.0,1.7209709882736206,0.43884119391441345,82.82347869873047
101,0.19079886376857758,0.19079886376857758,0.0,1.7211413383483887,0.43879666924476624,82.82342529296875
102,0.17996931076049805,0.17996931076049805,0.0,1.7213257551193237,0.43874943256378174,82.8233642578125
103,0.041096895933151245,0.041096895933151245,0.0,1.721496820449829,0.43870532512664795,82.82331085205078
104,0.02957625314593315,0.02957625314593315,0.0,1.7216496467590332,0.4386644959449768,82.82325744628906
105,0.19562706351280212,0.19562706351280212,0.0,1.7218241691589355,0.4386198818683624,82.82320404052734
106,0.1865089386701584,0.1865089386701584,0.0,1.7220183610916138,0.43857231736183167,82.8231430053711
107,0.03087678924202919,0.03087678924202919,0.0,1.722190260887146,0.4385278820991516,82.82308959960938
108,0.019526220858097076,0.019526220858097076,0.0,1.7223267555236816,0.43848657608032227,82.82303619384766
109,0.20759639143943787,0.20759639143943787,0.0,1.7224968671798706,0.4384417235851288,82.82298278808594
110,0.20073172450065613,0.20073172450065613,0.0,1.7226991653442383,0.43839406967163086,82.82292175292969
111,0.017573919147253036,0.017573919147253036,0.0,1.7228525876998901,0.438350111246109,82.82286834716797
112,0.012408417649567127,0.012408417649567127,0.0,1.7228740453720093,0.43831247091293335,82.82281494140625
113,0.22212250530719757,0.22212250530719757,0.0,1.7229477167129517,0.4382680356502533,82.82275390625
114,0.21902066469192505,0.21902066469192505,0.0,1.7230695486068726,0.43821612000465393,82.82269287109375
115,0.012940892949700356,0.012940892949700356,0.0,1.723167896270752,0.43816789984703064,82.8226318359375
116,0.37959009408950806,0.37959009408950806,0.0,1.723298192024231,0.4381132423877716,82.82256317138672
117,0.5210360884666443,0.5210360884666443,0.0,1.7234758138656616,0.43804699182510376,82.82247161865234
118,0.43759429454803467,0.43759429454803467,0.0,1.72367525100708,0.4379735589027405,82.82237243652344
119,0.15560266375541687,0.15560266375541687,0.0,1.7238373756408691,0.43790507316589355,82.82227325439453
120,0.3005717396736145,0.3005717396736145,0.0,1.7240877151489258,0.4378267824649811,82.8221664428711
121,0.5060480833053589,0.5060480833053589,0.0,1.724457025527954,0.43773144483566284,82.8220443725586
122,0.48462918400764465,0.48462918400764465,0.0,1.7249315977096558,0.4376217722892761,82.82191467285156
123,0.26233237981796265,0.26233237981796265,0.0,1.7254643440246582,0.43750858306884766,82.82178497314453
124,0.1393510103225708,0.1393510103225708,0.0,1.7259098291397095,0.4374037981033325,82.8216552734375
125,0.30122968554496765,0.30122968554496765,0.0,1.7263163328170776,0.4372994303703308,82.82152557373047
126,0.2543672025203705,0.2543672025203705,0.0,1.7266857624053955,0.43719759583473206,82.82139587402344
127,0.04332903400063515,0.04332903400063515,0.0,1.7269740104675293,0.4371090531349182,82.82127380371094
128,0.3497346043586731,0.3497346043586731,0.0,1.7273139953613281,0.4370095133781433,82.8211441040039
129,0.48668375611305237,0.48668375611305237,0.0,1.7277024984359741,0.436893105506897,82.82099914550781
130,0.4162479043006897,0.4162479043006897,0.0,1.7280992269515991,0.4367636740207672,82.82084655761719
131,0.18034546077251434,0.18034546077251434,0.0,1.7284350395202637,0.43663352727890015,82.8207015991211
132,0.24646392464637756,0.24646392464637756,0.0,1.7288517951965332,0.43651220202445984,82.820556640625
133,0.41990458965301514,0.41990458965301514,0.0,1.7293800115585327,0.4363905191421509,82.82040405273438
134,0.37957534193992615,0.37957534193992615,0.0,1.7300043106079102,0.4362693727016449,82.82024383544922
135,0.15184836089611053,0.15184836089611053,0.0,1.7306700944900513,0.43615835905075073,82.8200912475586
136,0.24434946477413177,0.24434946477413177,0.0,1.731242060661316,0.43604570627212524,82.81993865966797
137,0.4058718979358673,0.4058718979358673,0.0,1.7317720651626587,0.43592458963394165,82.81977844238281
138,0.37858617305755615,0.37858617305755615,0.0,1.7322660684585571,0.4357987642288208,82.81961822509766
139,0.1751261055469513,0.1751261055469513,0.0,1.7326890230178833,0.4356796443462372,82.81946563720703
140,0.18026304244995117,0.18026304244995117,0.0,1.7331550121307373,0.4355602562427521,82.8193130493164
141,0.32174280285835266,0.32174280285835266,0.0,1.7336788177490234,0.43543294072151184,82.81916046142578
142,0.26937544345855713,0.26937544345855713,0.0,1.7342346906661987,0.435299813747406,82.81900787353516
143,0.048699136823415756,0.048699136823415756,0.0,1.7347633838653564,0.4351709485054016,82.81886291503906
144,0.32570546865463257,0.32570546865463257,0.0,1.7352982759475708,0.4350469708442688,82.81871795654297
145,0.4850832521915436,0.4850832521915436,0.0,1.7358776330947876,0.43492013216018677,82.81855773925781
146,0.4539943337440491,0.4539943337440491,0.0,1.736494779586792,0.4347919225692749,82.81838989257812
147,0.25400373339653015,0.25400373339653015,0.0,1.7371066808700562,0.4346713721752167,82.81822204589844
148,0.09686601161956787,0.09686601161956787,0.0,1.7376786470413208,0.43455201387405396,82.81806945800781
149,0.23956884443759918,0.23956884443759918,0.0,1.7382476329803467,0.43442776799201965,82.81791687011719
150,0.2014954537153244,0.2014954537153244,0.0,1.738807201385498,0.43430182337760925,82.81776428222656
151,0.013604171574115753,0.013604171574115753,0.0,1.7388941049575806,0.4341813921928406,82.81761169433594
152,0.28603237867355347,0.28603237867355347,0.0,1.739124059677124,0.4340585768222809,82.81745910644531
153,0.36032766103744507,0.36032766103744507,0.0,1.739477276802063,0.4339470863342285,82.81729888916016
154,0.32538628578186035,0.32538628578186035,0.0,1.7387465238571167,0.43402403593063354,82.81692504882812
155,0.2773427963256836,0.2773427963256836,0.0,1.7378851175308228,0.43412405252456665,82.81654357910156
156,0.19602066278457642,0.19602066278457642,0.0,1.7369247674942017,0.43423783779144287,82.81616973876953
157,0.18107807636260986,0.18107807636260986,0.0,1.7360323667526245,0.43431705236434937,82.8158187866211
158,0.13603881001472473,0.13603881001472473,0.0,1.7350772619247437,0.4343705177307129,82.81549072265625
159,0.2731488347053528,0.2731488347053528,0.0,1.7341012954711914,0.43447187542915344,82.81517791748047
160,0.34800752997398376,0.34800752997398376,0.0,1.7331069707870483,0.434628963470459,82.81488037109375
161,0.21635134518146515,0.21635134518146515,0.0,1.7319339513778687,0.4348439872264862,82.8145980834961
162,0.38965070247650146,0.38965070247650146,0.0,1.73074471950531,0.43496641516685486,82.81432342529297
163,0.49348846077919006,0.49348846077919006,0.0,1.729541301727295,0.434998095035553,82.81404113769531
164,0.40735381841659546,0.40735381841659546,0.0,1.728309988975525,0.4349530339241028,82.81375885009766
165,0.20767679810523987,0.20767679810523987,0.0,1.7266842126846313,0.43524354696273804,82.81343078613281
166,0.1857859343290329,0.1857859343290329,0.0,1.7248826026916504,0.43565836548805237,82.8131103515625
167,0.26086241006851196,0.26086241006851196,0.0,1.723213791847229,0.4359707236289978,82.81280517578125
168,0.23074153065681458,0.23074153065681458,0.0,1.7216843366622925,0.43619394302368164,82.81251525878906
169,0.09966146945953369,0.09966146945953369,0.0,1.7200829982757568,0.4364529252052307,82.8122329711914
170,0.07362868636846542,0.07362868636846542,0.0,1.7184252738952637,0.4367048442363739,82.81195831298828
171,0.13002213835716248,0.13002213835716248,0.0,1.7168840169906616,0.43695691227912903,82.81170654296875
172,0.07933243364095688,0.07933243364095688,0.0,1.715422511100769,0.437206894159317,82.81147003173828
173,0.20032845437526703,0.20032845437526703,0.0,1.714084506034851,0.437441885471344,82.81124877929688
174,0.23067761957645416,0.23067761957645416,0.0,1.7128416299819946,0.437676340341568,82.81103515625
175,0.08902201056480408,0.08902201056480408,0.0,1.7115962505340576,0.43794888257980347,82.81083679199219
176,0.30671483278274536,0.30671483278274536,0.0,1.710394024848938,0.438198447227478,82.81063842773438
177,0.4186292290687561,0.4186292290687561,0.0,1.7092341184616089,0.43841880559921265,82.81043243408203
178,0.35588252544403076,0.35588252544403076,0.0,1.7081074714660645,0.4386132061481476,82.81022644042969
179,0.14817652106285095,0.14817652106285095,0.0,1.7069954872131348,0.43879351019859314,82.8100357055664
180,0.3278106153011322,0.3278106153011322,0.0,1.7059218883514404,0.4390026926994324,82.80984497070312
181,0.4818606972694397,0.4818606972694397,0.0,1.7049988508224487,0.43919551372528076,82.80964660644531
182,0.4426092803478241,0.4426092803478241,0.0,1.7041887044906616,0.43938007950782776,82.80944061279297
183,0.23974959552288055,0.23974959552288055,0.0,1.703370213508606,0.4395904242992401,82.80924224853516
184,0.15915629267692566,0.15915629267692566,0.0,1.7025651931762695,0.4397793412208557,82.80905151367188
185,0.29202452301979065,0.29202452301979065,0.0,1.7017885446548462,0.4399436414241791,82.8088607788086
186,0.2704746127128601,0.2704746127128601,0.0,1.7010440826416016,0.44008728861808777,82.80867767333984
187,0.11117146164178848,0.11117146164178848,0.0,1.700312614440918,0.4402267336845398,82.80850219726562
188,0.20078521966934204,0.20078521966934204,0.0,1.6996276378631592,0.4403582513332367,82.80833435058594
189,0.3062247931957245,0.3062247931957245,0.0,1.6990418434143066,0.44046303629875183,82.80816650390625
190,0.25389015674591064,0.25389015674591064,0.0,1.6985342502593994,0.4405433237552643,82.80799865722656
191,0.11336947232484818,0.11336947232484818,0.0,1.6980482339859009,0.4406099021434784,82.80783081054688
192,0.23544098436832428,0.23544098436832428,0.0,1.697609543800354,0.4406748414039612,82.80767059326172
193,0.35691457986831665,0.35691457986831665,0.0,1.6972250938415527,0.44073402881622314,82.80750274658203
194,0.3253251314163208,0.3253251314163208,0.0,1.6968899965286255,0.44078925251960754,82.80733489990234
195,0.15905341506004333,0.15905341506004333,0.0,1.6965893507003784,0.4408470094203949,82.80717468261719
196,0.1479721963405609,0.1479721963405609,0.0,1.6963276863098145,0.4408836364746094,82.80701446533203
197,0.256619930267334,0.256619930267334,0.0,1.6961138248443604,0.4408969581127167,82.80685424804688
198,0.2389734834432602,0.2389734834432602,0.0,1.695942759513855,0.4408908486366272,82.80669403076172
199,0.10731464624404907,0.10731464624404907,0.0,1.6957935094833374,0.440874844789505,82.8065414428711
200,0.1619386374950409,0.1619386374950409,0.0,1.6956571340560913,0.4408631920814514,82.806396484375
201,0.25657081604003906,0.25657081604003906,0.0,1.6955368518829346,0.44085025787353516,82.8062515258789
202,0.21143843233585358,0.21143843233585358,0.0,1.6954247951507568,0.4408361315727234,82.80610656738281
203,0.046941231936216354,0.046941231936216354,0.0,1.6952903270721436,0.4408293664455414,82.80596923828125
204,0.2352529764175415,0.2352529764175415,0.0,1.695210576057434,0.4408123791217804,82.80583190917969
205,0.3556250035762787,0.3556250035762787,0.0,1.6951910257339478,0.4407825171947479,82.8056869506836
206,0.3340412676334381,0.3340412676334381,0.0,1.6952248811721802,0.4407424032688141,82.80553436279297
207,0.18630912899971008,0.18630912899971008,0.0,1.6952869892120361,0.4407016336917877,82.80538940429688
208,0.07807204127311707,0.07807204127311707,0.0,1.6953221559524536,0.44066327810287476,82.80525207519531
209,0.18273857235908508,0.18273857235908508,0.0,1.6953450441360474,0.44062289595603943,82.80511474609375
210,0.15815109014511108,0.15815109014511108,0.0,1.6953563690185547,0.44058188796043396,82.80498504638672
211,0.02496551349759102,0.02496551349759102,0.0,1.6953281164169312,0.4405512511730194,82.80486297607422
212,0.23145189881324768,0.23145189881324768,0.0,1.6953383684158325,0.4405128061771393,82.80474090576172
213,0.3278806507587433,0.3278806507587433,0.0,1.695387601852417,0.44046270847320557,82.80461120605469
214,0.29003986716270447,0.29003986716270447,0.0,1.6954264640808105,0.44043251872062683,82.8045425415039
215,0.21127448976039886,0.21127448976039886,0.0,1.6954740285873413,0.44039881229400635,82.80447387695312
216,0.0800449326634407,0.0800449326634407,0.0,1.6955230236053467,0.44036412239074707,82.80441284179688
217,0.09595035016536713,0.09595035016536713,0.0,1.695569396018982,0.44033417105674744,82.80435180664062
218,0.19591829180717468,0.19591829180717468,0.0,1.6956181526184082,0.4403068423271179,82.80429077148438
219,0.22488699853420258,0.22488699853420258,0.0,1.6956709623336792,0.4402814507484436,82.80422973632812
220,0.1899210810661316,0.1899210810661316,0.0,1.6957263946533203,0.44025853276252747,82.80416870117188
221,0.09777889400720596,0.09777889400720596,0.0,1.6957805156707764,0.4402396082878113,82.80410766601562
222,0.04724348336458206,0.04724348336458206,0.0,1.6958309412002563,0.44021841883659363,82.8040542602539
223,0.11530224233865738,0.11530224233865738,0.0,1.695881724357605,0.44019389152526855,82.80400085449219
224,0.12038126587867737,0.12038126587867737,0.0,1.6959333419799805,0.4401664435863495,82.80394744873047
225,0.06612586230039597,0.06612586230039597,0.0,1.695983648300171,0.4401376247406006,82.80390167236328
226,0.04031198099255562,0.04031198099255562,0.0,1.696029543876648,0.44011354446411133,82.8038558959961
227,0.07788266241550446,0.07788266241550446,0.0,1.6960728168487549,0.4400927424430847,82.8038101196289
228,0.051917143166065216,0.051917143166065216,0.0,1.6961123943328857,0.4400750994682312,82.80377197265625
229,0.028515851125121117,0.028515851125121117,0.0,1.6961498260498047,0.44005751609802246,82.8037338256836
230,0.04354514181613922,0.04354514181613922,0.0,1.6961873769760132,0.44003957509994507,82.80369567871094
231,0.010051758028566837,0.010051758028566837,0.0,1.6960668563842773,0.44006988406181335,82.80364990234375
232,0.01999330148100853,0.01999330148100853,0.0,1.6959526538848877,0.4401022791862488,82.8036117553711
233,0.055470291525125504,0.055470291525125504,0.0,1.695847511291504,0.4401291310787201,82.80357360839844
234,0.06571206450462341,0.06571206450462341,0.0,1.6957504749298096,0.4401502311229706,82.80353546142578
235,0.05706281214952469,0.05706281214952469,0.0,1.6956337690353394,0.440161794424057,82.80348205566406
236,0.1130322590470314,0.1130322590470314,0.0,1.6955281496047974,0.4401722848415375,82.80342864990234
237,0.12761004269123077,0.12761004269123077,0.0,1.695427417755127,0.44018059968948364,82.80338287353516
238,0.08349115401506424,0.08349115401506424,0.0,1.6953212022781372,0.44018882513046265,82.80333709716797
239,0.0671047568321228,0.0671047568321228,0.0,1.6951555013656616,0.4402102530002594,82.80329132080078
240,0.085907481610775,0.085907481610775,0.0,1.6949474811553955,0.4402458369731903,82.8032455444336
241,0.06824754178524017,0.06824754178524017,0.0,1.6946656703948975,0.44030067324638367,82.8031997680664
242,0.0940430611371994,0.0940430611371994,0.0,1.6943821907043457,0.4403494596481323,82.80315399169922
243,0.119442418217659,0.119442418217659,0.0,1.6940985918045044,0.440390408039093,82.80310821533203
244,0.08716756105422974,0.08716756105422974,0.0,1.693807601928711,0.44042861461639404,82.80306243896484
245,0.07333306968212128,0.07333306968212128,0.0,1.6934565305709839,0.4404904842376709,82.80301666259766
246,0.08505731076002121,0.08505731076002121,0.0,1.6930720806121826,0.4405703544616699,82.802978515625
247,0.05932871252298355,0.05932871252298355,0.0,1.6925601959228516,0.44068974256515503,82.80293273925781
248,0.11985538899898529,0.11985538899898529,0.0,1.6920706033706665,0.44079622626304626,82.80288696289062
249,0.15124621987342834,0.15124621987342834,0.0,1.6916037797927856,0.4408910572528839,82.80284118652344
250,0.1231960877776146,0.1231960877776146,0.0,1.6911580562591553,0.4409767985343933,82.80279541015625
251,0.046221423894166946,0.046221423894166946,0.0,1.6907005310058594,0.44106772541999817,82.80274963378906
252,0.1192123219370842,0.1192123219370842,0.0,1.6902592182159424,0.4411624073982239,82.80270385742188
253,0.1729370802640915,0.1729370802640915,0.0,1.6898499727249146,0.44125351309776306,82.80265808105469
254,0.15982280671596527,0.15982280671596527,0.0,1.689475178718567,0.44133782386779785,82.8026123046875
255,0.08754826337099075,0.08754826337099075,0.0,1.6891206502914429,0.4414180815219879,82.80256652832031
256,0.04891987890005112,0.04891987890005112,0.0,1.6887842416763306,0.4414993226528168,82.80252838134766
257,0.10063692182302475,0.10063692182302475,0.0,1.6884726285934448,0.4415796995162964,82.802490234375
258,0.08598834276199341,0.08598834276199341,0.0,1.688184380531311,0.44166022539138794,82.80245208740234
259,0.045638155192136765,0.045638155192136765,0.0,1.687896966934204,0.4417378604412079,82.80241394042969
260,0.04755751043558121,0.04755751043558121,0.0,1.6876220703125,0.44180893898010254,82.80237579345703
261,0.036421094089746475,0.036421094089746475,0.0,1.6873472929000854,0.44188806414604187,82.80233764648438
262,0.028892088681459427,0.028892088681459427,0.0,1.687063455581665,0.44197186827659607,82.80229949951172
263,0.02427567169070244,0.02427567169070244,0.0,1.6867860555648804,0.4420568346977234,82.80226135253906
264,0.026918891817331314,0.026918891817331314,0.0,1.6865086555480957,0.4421464204788208,82.80223083496094
265,0.028467686846852303,0.028467686846852303,0.0,1.686231255531311,0.44223523139953613,82.80220031738281
266,0.03267557919025421,0.03267557919025421,0.0,1.6859464645385742,0.44233402609825134,82.80216979980469
267,0.04125533252954483,0.04125533252954483,0.0,1.6856637001037598,0.4424285292625427,82.80213928222656
268,0.03114067018032074,0.03114067018032074,0.0,1.68515944480896,0.44262856245040894,82.8021011352539
269,0.04978875815868378,0.04978875815868378,0.0,1.684694766998291,0.44281503558158875,82.80207061767578
270,0.025813959538936615,0.025813959538936615,0.0,1.6842724084854126,0.4429818093776703,82.80204010009766
271,0.07125698775053024,0.07125698775053024,0.0,1.683888554573059,0.4431400001049042,82.80200958251953
272,0.08803296089172363,0.08803296089172363,0.0,1.6835347414016724,0.44329431653022766,82.8019790649414
273,0.05262402072548866,0.05262402072548866,0.0,1.683112621307373,0.4434732496738434,82.80194091796875
274,0.1197800412774086,0.1197800412774086,0.0,1.682726502418518,0.44362369179725647,82.80189514160156
275,0.16405150294303894,0.16405150294303894,0.0,1.6823766231536865,0.4437480866909027,82.80184936523438
276,0.1566699743270874,0.1566699743270874,0.0,1.6820608377456665,0.44385001063346863,82.80180358886719
277,0.09983023256063461,0.09983023256063461,0.0,1.6817748546600342,0.44393390417099,82.8017578125
278,0.026564376428723335,0.026564376428723335,0.0,1.6815046072006226,0.4440169930458069,82.80171203613281
279,0.05249878019094467,0.05249878019094467,0.0,1.6812620162963867,0.4440951347351074,82.80167388916016
280,0.020687902346253395,0.020687902346253395,0.0,1.6810412406921387,0.4441675543785095,82.8016357421875
281,0.06552602350711823,0.06552602350711823,0.0,1.6808485984802246,0.4442313313484192,82.80159759521484
282,0.08574613928794861,0.08574613928794861,0.0,1.6806801557540894,0.444289892911911,82.80155944824219
283,0.04526456445455551,0.04526456445455551,0.0,1.680517554283142,0.4443512558937073,82.80152893066406
284,0.06719392538070679,0.06719392538070679,0.0,1.6803627014160156,0.44440382719039917,82.80149841308594
285,0.09812166541814804,0.09812166541814804,0.0,1.6802160739898682,0.44444718956947327,82.80146789550781
286,0.0774029940366745,0.0774029940366745,0.0,1.6800754070281982,0.4444826543331146,82.80143737792969
287,0.02631639689207077,0.02631639689207077,0.0,1.6797747611999512,0.4445781707763672,82.80139923095703
288,0.014610474929213524,0.014610474929213524,0.0,1.6795017719268799,0.44466432929039,82.80136108398438
289,0.03355291485786438,0.03355291485786438,0.0,1.6792502403259277,0.44473931193351746,82.80132293701172
290,0.04161279276013374,0.04161279276013374,0.0,1.6790034770965576,0.444805771112442,82.80128479003906
291,0.0842234343290329,0.0842234343290329,0.0,1.6787630319595337,0.4448823928833008,82.8012466430664
292,0.09007854759693146,0.09007854759693146,0.0,1.678523063659668,0.44497114419937134,82.80120849609375
293,0.06805853545665741,0.06805853545665741,0.0,1.6782608032226562,0.44505345821380615,82.8011703491211
294,0.07207764685153961,0.07207764685153961,0.0,1.6779823303222656,0.44512730836868286,82.80113220214844
295,0.07693853229284286,0.07693853229284286,0.0,1.6776994466781616,0.44521626830101013,82.80109405517578
296,0.06305612623691559,0.06305612623691559,0.0,1.6773383617401123,0.44534754753112793,82.8010482788086
297,0.09191413968801498,0.09191413968801498,0.0,1.676995038986206,0.44545939564704895,82.8010025024414
298,0.10117854923009872,0.10117854923009872,0.0,1.6766743659973145,0.4455537796020508,82.80095672607422
299,0.06977944076061249,0.06977944076061249,0.0,1.6763765811920166,0.44563430547714233,82.80091857910156
300,0.027036847546696663,0.027036847546696663,0.0,1.6760977506637573,0.4457143545150757,82.8008804321289
301,0.029854772612452507,0.029854772612452507,0.0,1.6758469343185425,0.44578805565834045,82.80084228515625
302,0.01949777640402317,0.01949777640402317,0.0,1.675620436668396,0.4458559453487396,82.80081176757812
303,0.016478199511766434,0.016478199511766434,0.0,1.6753780841827393,0.44593167304992676,82.80078125
304,0.07779206335544586,0.07779206335544586,0.0,1.6751577854156494,0.4459962844848633,82.80075073242188
305,0.09787388890981674,0.09787388890981674,0.0,1.6749584674835205,0.4460504353046417,82.80072021484375
306,0.06456087529659271,0.06456087529659271,0.0,1.6747767925262451,0.4460960328578949,82.80068969726562
307,0.02476465329527855,0.02476465329527855,0.0,1.6746071577072144,0.44614240527153015,82.8006591796875
308,0.042541466653347015,0.042541466653347015,0.0,1.6744555234909058,0.4461866021156311,82.80062866210938
309,0.01099081989377737,0.01099081989377737,0.0,1.67427659034729,0.44624006748199463,82.80059814453125
310,0.04714449495077133,0.04714449495077133,0.0,1.6741077899932861,0.4462951421737671,82.80056762695312
311,0.04234899953007698,0.04234899953007698,0.0,1.6739176511764526,0.4463641941547394,82.800537109375
312,0.09419538080692291,0.09419538080692291,0.0,1.6737245321273804,0.4464186728000641,82.80050659179688
313,0.12152713537216187,0.12152713537216187,0.0,1.6735246181488037,0.4464578926563263,82.80047607421875
314,0.11025457829236984,0.11025457829236984,0.0,1.6733098030090332,0.4464837908744812,82.8004379272461
315,0.08533281832933426,0.08533281832933426,0.0,1.6729422807693481,0.44659098982810974,82.8003921508789
316,0.08585529029369354,0.08585529029369354,0.0,1.6725016832351685,0.4467443823814392,82.80034637451172
317,0.09956872463226318,0.09956872463226318,0.0,1.672065258026123,0.4468746483325958,82.80030059814453
318,0.09602407366037369,0.09602407366037369,0.0,1.6716372966766357,0.4469836950302124,82.80025482177734
319,0.06638637185096741,0.06638637185096741,0.0,1.6711339950561523,0.4471140503883362,82.80020141601562
320,0.11898881196975708,0.11898881196975708,0.0,1.670654535293579,0.44725272059440613,82.8001480102539
321,0.1254609078168869,0.1254609078168869,0.0,1.6702048778533936,0.44739463925361633,82.80009460449219
322,0.07506915181875229,0.07506915181875229,0.0,1.6697851419448853,0.44753390550613403,82.800048828125
323,0.0389457568526268,0.0389457568526268,0.0,1.669402003288269,0.4476555585861206,82.80000305175781
324,0.06740984320640564,0.06740984320640564,0.0,1.669057846069336,0.44776228070259094,82.79995727539062
325,0.045855309814214706,0.045855309814214706,0.0,1.6687513589859009,0.4478578567504883,82.79991912841797
326,0.039202164858579636,0.039202164858579636,0.0,1.668470859527588,0.4479422867298126,82.79988098144531
327,0.059689950197935104,0.059689950197935104,0.0,1.6682120561599731,0.448015421628952,82.79984283447266
328,0.04024648666381836,0.04024648666381836,0.0,1.6679679155349731,0.4480792284011841,82.7998046875
329,0.07160553336143494,0.07160553336143494,0.0,1.6677391529083252,0.44814857840538025,82.79976654052734
330,0.08639656007289886,0.08639656007289886,0.0,1.667526364326477,0.44822263717651367,82.79972839355469
331,0.04407048597931862,0.04407048597931862,0.0,1.6673216819763184,0.44830116629600525,82.79969024658203
332,0.07197480648756027,0.07197480648756027,0.0,1.6671301126480103,0.4483681619167328,82.79965209960938
333,0.09848381578922272,0.09848381578922272,0.0,1.6670416593551636,0.4483962655067444,82.79963684082031
334,0.08838352560997009,0.08838352560997009,0.0,1.6669600009918213,0.4484197497367859,82.79962158203125
335,0.05776052922010422,0.05776052922010422,0.0,1.666883945465088,0.4484395980834961,82.79960632324219
336,0.02121044136583805,0.02121044136583805,0.0,1.6667841672897339,0.44847041368484497,82.7995834350586
337,0.06119817495346069,0.06119817495346069,0.0,1.6666966676712036,0.4484975337982178,82.79956817626953
338,0.08146020025014877,0.08146020025014877,0.0,1.6666189432144165,0.44852033257484436,82.79955291748047
339,0.07484445720911026,0.07484445720911026,0.0,1.6665481328964233,0.4485386312007904,82.7995376586914
340,0.049686651676893234,0.049686651676893234,0.0,1.6664812564849854,0.448552668094635,82.79952239990234
341,0.029242437332868576,0.029242437332868576,0.0,1.6664048433303833,0.4485723078250885,82.79950714111328
342,0.048206061124801636,0.048206061124801636,0.0,1.666326880455017,0.44859567284584045,82.79949188232422
343,0.041331443935632706,0.041331443935632706,0.0,1.6662436723709106,0.44862374663352966,82.79947662353516
344,0.0464615598320961,0.0464615598320961,0.0,1.6661595106124878,0.4486464560031891,82.7994613647461
345,0.053883180022239685,0.053883180022239685,0.0,1.6660751104354858,0.44866377115249634,82.79944610595703
346,0.04431403800845146,0.04431403800845146,0.0,1.6659879684448242,0.44867753982543945,82.79943084716797
347,0.049156177788972855,0.049156177788972855,0.0,1.6658979654312134,0.44869694113731384,82.7994155883789
348,0.05426402762532234,0.05426402762532234,0.0,1.6658068895339966,0.4487210512161255,82.79940032958984
349,0.0358857735991478,0.0358857735991478,0.0,1.665698766708374,0.4487539827823639,82.79938507080078
350,0.05473452806472778,0.05473452806472778,0.0,1.6655956506729126,0.44878071546554565,82.79936981201172
351,0.06763389706611633,0.06763389706611633,0.0,1.665498971939087,0.44880184531211853,82.79935455322266
352,0.05891209840774536,0.05891209840774536,0.0,1.6654088497161865,0.44881826639175415,82.7993392944336
353,0.030460409820079803,0.030460409820079803,0.0,1.6653244495391846,0.4488312602043152,82.79932403564453
354,0.037165455520153046,0.037165455520153046,0.0,1.6652454137802124,0.44884559512138367,82.79930877685547
355,0.05460546910762787,0.05460546910762787,0.0,1.665174961090088,0.44885966181755066,82.7992935180664
356,0.04253567010164261,0.04253567010164261,0.0,1.6651124954223633,0.4488726258277893,82.79927825927734
357,0.007493480108678341,0.007493480108678341,0.0,1.6650551557540894,0.4488845765590668,82.79926300048828
358,0.054825309664011,0.054825309664011,0.0,1.6650059223175049,0.44889503717422485,82.79924774169922
359,0.08222243189811707,0.08222243189811707,0.0,1.6649651527404785,0.44890421628952026,82.79923248291016
360,0.07833991199731827,0.07833991199731827,0.0,1.6649318933486938,0.44891273975372314,82.7992172241211
361,0.04683762788772583,0.04683762788772583,0.0,1.6649001836776733,0.448923259973526,82.79920196533203
362,0.022244276478886604,0.022244276478886604,0.0,1.6648682355880737,0.4489319324493408,82.79918670654297
363,0.04285960644483566,0.04285960644483566,0.0,1.66483736038208,0.44893842935562134,82.7991714477539
364,0.04092971980571747,0.04092971980571747,0.0,1.6648073196411133,0.44894301891326904,82.79915618896484
365,0.01921886019408703,0.01921886019408703,0.0,1.6647765636444092,0.4489465653896332,82.79914855957031
366,0.04134029522538185,0.04134029522538185,0.0,1.6647474765777588,0.44895219802856445,82.79914093017578
367,0.05673617124557495,0.05673617124557495,0.0,1.66472327709198,0.4489579200744629,82.79913330078125
368,0.04237913340330124,0.04237913340330124,0.0,1.6647028923034668,0.44896358251571655,82.79912567138672
369,0.008182580582797527,0.008182580582797527,0.0,1.6646758317947388,0.4489727318286896,82.79911804199219
370,0.07319669425487518,0.07319669425487518,0.0,1.6646534204483032,0.44898080825805664,82.79911041259766
371,0.11494538187980652,0.11494538187980652,0.0,1.6646373271942139,0.448988139629364,82.7990951538086
372,0.12399846315383911,0.12399846315383911,0.0,1.6646281480789185,0.4489952325820923,82.79907989501953
373,0.10385218262672424,0.10385218262672424,0.0,1.6646199226379395,0.4490051567554474,82.79906463623047
374,0.058427538722753525,0.058427538722753525,0.0,1.6646071672439575,0.44901901483535767,82.7990493774414
375,0.039781417697668076,0.039781417697668076,0.0,1.6645903587341309,0.44902920722961426,82.79903411865234
376,0.0703703835606575,0.0703703835606575,0.0,1.6645712852478027,0.4490353465080261,82.79901885986328
377,0.07884670794010162,0.07884670794010162,0.0,1.6645503044128418,0.44903767108917236,82.79900360107422
378,0.06514021754264832,0.06514021754264832,0.0,1.664527177810669,0.44903677701950073,82.79898834228516
379,0.03585505858063698,0.03585505858063698,0.0,1.6644995212554932,0.4490339457988739,82.7989730834961
380,0.05871622636914253,0.05871622636914253,0.0,1.6644682884216309,0.4490368664264679,82.79895782470703
381,0.08398766070604324,0.08398766070604324,0.0,1.6644362211227417,0.44904476404190063,82.79894256591797
382,0.07871335744857788,0.07871335744857788,0.0,1.6644039154052734,0.44905659556388855,82.7989273071289
383,0.045898254960775375,0.045898254960775375,0.0,1.6643705368041992,0.4490712583065033,82.79891204833984
384,0.02721349336206913,0.02721349336206913,0.0,1.664337396621704,0.44908297061920166,82.79889678955078
385,0.0449393130838871,0.0449393130838871,0.0,1.6643062829971313,0.4490918815135956,82.79888153076172
386,0.04066631197929382,0.04066631197929382,0.0,1.6642776727676392,0.4490986168384552,82.79886627197266
387,0.01432297844439745,0.01432297844439745,0.0,1.6642512083053589,0.44910404086112976,82.7988510131836
388,0.03652641922235489,0.03652641922235489,0.0,1.6642283201217651,0.449108749628067,82.79883575439453
389,0.05357764661312103,0.05357764661312103,0.0,1.664208173751831,0.44911226630210876,82.79882049560547
390,0.04171401634812355,0.04171401634812355,0.0,1.6641895771026611,0.44911444187164307,82.7988052368164
391,0.013770313933491707,0.013770313933491707,0.0,1.6641680002212524,0.44911623001098633,82.79879760742188
392,0.054596565663814545,0.054596565663814545,0.0,1.6641477346420288,0.44912031292915344,82.79878997802734
393,0.078745998442173,0.078745998442173,0.0,1.6641316413879395,0.4491255283355713,82.79877471923828
394,0.07209870219230652,0.07209870219230652,0.0,1.664117693901062,0.4491324722766876,82.79875946044922
395,0.03808165341615677,0.03808165341615677,0.0,1.6641019582748413,0.44914188981056213,82.79874420166016
396,0.02891387976706028,0.02891387976706028,0.0,1.6640855073928833,0.44914907217025757,82.7987289428711
397,0.05193642899394035,0.05193642899394035,0.0,1.6640695333480835,0.44915395975112915,82.79871368408203
398,0.049709219485521317,0.049709219485521317,0.0,1.6640541553497314,0.4491569399833679,82.79869842529297
399,0.02378973551094532,0.02378973551094532,0.0,1.664038896560669,0.4491586685180664,82.79869079589844
400,0.029680121690034866,0.029680121690034866,0.0,1.664024829864502,0.449161559343338,82.7986831665039
401,0.04700518399477005,0.04700518399477005,0.0,1.664014220237732,0.44916418194770813,82.79867553710938
402,0.034265805035829544,0.034265805035829544,0.0,1.664005994796753,0.4491664171218872,82.79866790771484
403,0.006812289357185364,0.006812289357185364,0.0,1.6639982461929321,0.44916847348213196,82.79866027832031
404,0.010354133322834969,0.010354133322834969,0.0,1.663991093635559,0.44917061924934387,82.79865264892578
405,0.01255129836499691,0.01255129836499691,0.0,1.6639844179153442,0.44917210936546326,82.79864501953125
406,0.009088380262255669,0.009088380262255669,0.0,1.6639776229858398,0.44917306303977966,82.79863739013672
407,0.022216716781258583,0.022216716781258583,0.0,1.6639719009399414,0.4491742253303528,82.79862976074219
408,0.021484848111867905,0.021484848111867905,0.0,1.6639671325683594,0.4491754174232483,82.79862213134766
409,0.007580680772662163,0.007580680772662163,0.0,1.6639626026153564,0.4491763114929199,82.79861450195312
410,0.006958263926208019,0.006958263926208019,0.0,1.6639583110809326,0.449177086353302,82.7986068725586
411,0.02457515336573124,0.02457515336573124,0.0,1.6639549732208252,0.4491775333881378,82.79859924316406
412,0.02374921180307865,0.02374921180307865,0.0,1.663952350616455,0.44917765259742737,82.79859161376953
413,0.007116052322089672,0.007116052322089672,0.0,1.663949728012085,0.44917812943458557,82.798583984375
414,0.006448809057474136,0.006448809057474136,0.0,1.6639468669891357,0.4491784870624542,82.79857635498047
415,0.017346564680337906,0.017346564680337906,0.0,1.6639446020126343,0.4491785168647766,82.79856872558594
416,0.010276409797370434,0.010276409797370434,0.0,1.6639419794082642,0.44917818903923035,82.7985610961914
417,0.02364065870642662,0.02364065870642662,0.0,1.6639398336410522,0.44917842745780945,82.79855346679688
418,0.02642594836652279,0.02642594836652279,0.0,1.6639381647109985,0.4491792619228363,82.79854583740234
419,0.008308922871947289,0.008308922871947289,0.0,1.6639173030853271,0.44918444752693176,82.79853820800781
420,0.07508154213428497,0.07508154213428497,0.0,1.6639020442962646,0.4491892457008362,82.79853057861328
421,0.1179548054933548,0.1179548054933548,0.0,1.6638919115066528,0.44919589161872864,82.79852294921875
422,0.12849625945091248,0.12849625945091248,0.0,1.66387939453125,0.44920891523361206,82.79851531982422
423,0.1100405901670456,0.1100405901670456,0.0,1.663859486579895,0.4492298364639282,82.79850006103516
424,0.06578865647315979,0.06578865647315979,0.0,1.6638282537460327,0.44925805926322937,82.7984848022461
425,0.06747961044311523,0.06747961044311523,0.0,1.663787841796875,0.44927945733070374,82.79846954345703
426,0.10005605220794678,0.10005605220794678,0.0,1.6637407541275024,0.4492933452129364,82.79845428466797
427,0.11104223132133484,0.11104223132133484,0.0,1.6636875867843628,0.44930002093315125,82.7984390258789
428,0.10136429965496063,0.10136429965496063,0.0,1.6636277437210083,0.4493003189563751,82.79842376708984
429,0.07537344098091125,0.07537344098091125,0.0,1.6635582447052002,0.4492960274219513,82.79840850830078
430,0.06442101299762726,0.06442101299762726,0.0,1.6634725332260132,0.4493056535720825,82.79839324951172
431,0.0863245502114296,0.0863245502114296,0.0,1.6633782386779785,0.44932639598846436,82.79837799072266
432,0.07900424301624298,0.07900424301624298,0.0,1.6632765531539917,0.4493565857410431,82.7983627319336
433,0.0522170253098011,0.0522170253098011,0.0,1.6630855798721313,0.4494240880012512,82.79833984375
434,0.07966621965169907,0.07966621965169907,0.0,1.6629045009613037,0.44948020577430725,82.7983169555664
435,0.10174428671598434,0.10174428671598434,0.0,1.6627357006072998,0.4495260417461395,82.79829406738281
436,0.10265802592039108,0.10265802592039108,0.0,1.6625797748565674,0.4495631158351898,82.79827117919922
437,0.08138440549373627,0.08138440549373627,0.0,1.6624364852905273,0.44959312677383423,82.79824829101562
438,0.0399240143597126,0.0399240143597126,0.0,1.6623048782348633,0.449617862701416,82.79822540283203
439,0.033091384917497635,0.033091384917497635,0.0,1.662184238433838,0.4496425688266754,82.79820251464844
440,0.06055186688899994,0.06055186688899994,0.0,1.6620773077011108,0.44966500997543335,82.79817962646484
441,0.05734339728951454,0.05734339728951454,0.0,1.661981463432312,0.449684739112854,82.79815673828125
442,0.030021926388144493,0.030021926388144493,0.0,1.6618934869766235,0.44970178604125977,82.79814147949219
443,0.026800042018294334,0.026800042018294334,0.0,1.6618099212646484,0.44972068071365356,82.79812622070312
444,0.04632781445980072,0.04632781445980072,0.0,1.661730170249939,0.4497421085834503,82.79811096191406
445,0.03624369576573372,0.03624369576573372,0.0,1.6616520881652832,0.4497663080692291,82.798095703125
446,0.03007705882191658,0.03007705882191658,0.0,1.6615748405456543,0.4497869908809662,82.79808044433594
447,0.0375160314142704,0.0375160314142704,0.0,1.6614995002746582,0.4498039484024048,82.79806518554688
448,0.028294024989008904,0.028294024989008904,0.0,1.6614233255386353,0.44981852173805237,82.79804992675781
449,0.038150083273649216,0.038150083273649216,0.0,1.6613484621047974,0.4498366415500641,82.79803466796875
450,0.04190357029438019,0.04190357029438019,0.0,1.6612757444381714,0.44985759258270264,82.79801940917969
451,0.020938923582434654,0.020938923582434654,0.0,1.6611992120742798,0.4498821794986725,82.79800415039062
452,0.04215842857956886,0.04215842857956886,0.0,1.6611281633377075,0.4499030113220215,82.79798889160156
453,0.05914859101176262,0.05914859101176262,0.0,1.661063551902771,0.44992056488990784,82.7979736328125
454,0.05124189332127571,0.05124189332127571,0.0,1.6610052585601807,0.44993558526039124,82.79795837402344
455,0.01648915559053421,0.01648915559053421,0.0,1.6609523296356201,0.4499489963054657,82.79794311523438
456,0.03972470760345459,0.03972470760345459,0.0,1.6609059572219849,0.4499603807926178,82.79792785644531
457,0.06467889994382858,0.06467889994382858,0.0,1.6608655452728271,0.44996944069862366,82.79791259765625
458,0.0589565634727478,0.0589565634727478,0.0,1.6608299016952515,0.44997620582580566,82.79789733886719
459,0.028555169701576233,0.028555169701576233,0.0,1.660797119140625,0.4499810039997101,82.79788208007812
460,0.029197536408901215,0.029197536408901215,0.0,1.6607654094696045,0.4499877095222473,82.79786682128906
461,0.05135747045278549,0.05135747045278549,0.0,1.660736083984375,0.4499962329864502,82.7978515625
462,0.04299027845263481,0.04299027845263481,0.0,1.660707712173462,0.4500068128108978,82.79783630371094
463,0.013899443671107292,0.013899443671107292,0.0,1.6606602668762207,0.4500232934951782,82.79782104492188
464,0.06406103074550629,0.06406103074550629,0.0,1.6606179475784302,0.4500366151332855,82.79780578613281
465,0.10112190991640091,0.10112190991640091,0.0,1.6605820655822754,0.4500471353530884,82.79779052734375
466,0.10636201500892639,0.10636201500892639,0.0,1.6605528593063354,0.4500555098056793,82.79777526855469
467,0.08240840584039688,0.08240840584039688,0.0,1.660529613494873,0.45006245374679565,82.79776000976562
468,0.0324014313519001,0.0324014313519001,0.0,1.6605088710784912,0.45006972551345825,82.79774475097656
469,0.039040420204401016,0.039040420204401016,0.0,1.6604894399642944,0.45007526874542236,82.7977294921875
470,0.07735365629196167,0.07735365629196167,0.0,1.6604721546173096,0.45007872581481934,82.79771423339844
471,0.08429455012083054,0.08429455012083054,0.0,1.660456657409668,0.4500800669193268,82.79769897460938
472,0.06339369714260101,0.06339369714260101,0.0,1.6604417562484741,0.45007961988449097,82.79768371582031
473,0.02449158765375614,0.02449158765375614,0.0,1.6604256629943848,0.4500780701637268,82.79766845703125
474,0.05031099542975426,0.05031099542975426,0.0,1.6604093313217163,0.4500797390937805,82.79765319824219
475,0.08204043656587601,0.08204043656587601,0.0,1.6603974103927612,0.4500825107097626,82.79763793945312
476,0.0822829157114029,0.0822829157114029,0.0,1.660390019416809,0.45008584856987,82.79762268066406
477,0.05399579927325249,0.05399579927325249,0.0,1.6603835821151733,0.45009085536003113,82.797607421875
478,0.012265023775398731,0.012265023775398731,0.0,1.660366415977478,0.45009753108024597,82.79759216308594
479,0.02969331666827202,0.02969331666827202,0.0,1.6603507995605469,0.4501030743122101,82.79757690429688
480,0.030560852959752083,0.030560852959752083,0.0,1.6603375673294067,0.4501081109046936,82.79756164550781
481,0.008787532337009907,0.008787532337009907,0.0,1.6603214740753174,0.450114369392395,82.79754638671875
482,0.05260472372174263,0.05260472372174263,0.0,1.66030752658844,0.45011866092681885,82.79753112792969
483,0.07721486687660217,0.07721486687660217,0.0,1.6602959632873535,0.45012086629867554,82.79751586914062
484,0.07145305722951889,0.07145305722951889,0.0,1.6602861881256104,0.4501211643218994,82.79750061035156
485,0.039989784359931946,0.039989784359931946,0.0,1.660277009010315,0.4501200020313263,82.7974853515625
486,0.017756812274456024,0.017756812274456024,0.0,1.6602659225463867,0.45012131333351135,82.79747009277344
487,0.03845817968249321,0.03845817968249321,0.0,1.660255789756775,0.4501243829727173,82.79745483398438
488,0.02962188981473446,0.02962188981473446,0.0,1.6602458953857422,0.45012906193733215,82.79743957519531
489,0.012516134418547153,0.012516134418547153,0.0,1.660234808921814,0.45013266801834106,82.79743194580078
490,0.015950491651892662,0.015950491651892662,0.0,1.660224199295044,0.450135201215744,82.79742431640625
491,0.007616056129336357,0.007616056129336357,0.0,1.6602139472961426,0.45013824105262756,82.79741668701172
492,0.013943202793598175,0.013943202793598175,0.0,1.6602041721343994,0.4501415193080902,82.79740905761719
493,0.00962669588625431,0.00962669588625431,0.0,1.6601470708847046,0.4501543641090393,82.79740142822266
494,0.06653780490159988,0.06653780490159988,0.0,1.660098671913147,0.45016589760780334,82.7973861694336
495,0.10237329453229904,0.10237329453229904,0.0,1.6600583791732788,0.4501785933971405,82.79737091064453
496,0.10683315992355347,0.10683315992355347,0.0,1.660017967224121,0.4501971900463104,82.79735565185547
497,0.08309630304574966,0.08309630304574966,0.0,1.6599721908569336,0.45022299885749817,82.7973403930664
498,0.04174860566854477,0.04174860566854477,0.0,1.659852147102356,0.4502774178981781,82.79731750488281
499,0.09205786883831024,0.09205786883831024,0.0,1.659735918045044,0.4503215551376343,82.79729461669922
500,0.13425910472869873,0.13425910472869873,0.0,1.6596250534057617,0.4503556787967682,82.79727172851562
501,0.1520697921514511,0.1520697921514511,0.0,1.6595196723937988,0.4503805637359619,82.79724884033203
502,0.14546942710876465,0.14546942710876465,0.0,1.659419298171997,0.450397253036499,82.79722595214844
503,0.11720629781484604,0.11720629781484604,0.0,1.659322738647461,0.45040711760520935,82.79720306396484
504,0.07245824486017227,0.07245824486017227,0.0,1.659227967262268,0.45041176676750183,82.79718017578125
505,0.04058121517300606,0.04058121517300606,0.0,1.6591267585754395,0.4504254460334778,82.79715728759766
506,0.07422636449337006,0.07422636449337006,0.0,1.6590267419815063,0.45044609904289246,82.79713439941406
507,0.07805497944355011,0.07805497944355011,0.0,1.6589293479919434,0.4504723846912384,82.79711151123047
508,0.05339521914720535,0.05339521914720535,0.0,1.6588345766067505,0.45050251483917236,82.79708862304688
509,0.025057712569832802,0.025057712569832802,0.0,1.658740758895874,0.45052874088287354,82.79706573486328
510,0.03377198427915573,0.03377198427915573,0.0,1.6586530208587646,0.45055046677589417,82.79704284667969
511,0.024053586646914482,0.024053586646914482,0.0,1.6585719585418701,0.4505687654018402,82.7970199584961
512,0.013656584545969963,0.013656584545969963,0.0,1.65849769115448,0.45058685541152954,82.79700469970703
513,0.0103574488312006,0.0103574488312006,0.0,1.658430814743042,0.45060303807258606,82.79698944091797
514,0.019246432930231094,0.019246432930231094,0.0,1.6583689451217651,0.45061901211738586,82.7969741821289
515,0.01973690837621689,0.01973690837621689,0.0,1.6583092212677002,0.45063599944114685,82.79695892333984
516,0.02113916538655758,0.02113916538655758,0.0,1.6582804918289185,0.45064297318458557,82.79695129394531
517,0.02304108440876007,0.02304108440876007,0.0,1.6582528352737427,0.4506485164165497,82.79694366455078
518,0.01764974184334278,0.01764974184334278,0.0,1.658223271369934,0.45065346360206604,82.79693603515625
519,0.022830000147223473,0.022830000147223473,0.0,1.658193588256836,0.45065978169441223,82.79692840576172
520,0.026528984308242798,0.026528984308242798,0.0,1.6581645011901855,0.4506671726703644,82.79692077636719
521,0.01816040463745594,0.01816040463745594,0.0,1.658134937286377,0.4506756067276001,82.79691314697266
522,0.017331769689917564,0.017331769689917564,0.0,1.6581065654754639,0.450682669878006,82.79690551757812
523,0.022109195590019226,0.022109195590019226,0.0,1.6580801010131836,0.4506884217262268,82.7968978881836
524,0.01680481806397438,0.01680481806397438,0.0,1.6580554246902466,0.45069313049316406,82.79689025878906
525,0.008946928195655346,0.008946928195655346,0.0,1.6580259799957275,0.45069921016693115,82.79688262939453
526,0.006403804756700993,0.006403804756700993,0.0,1.6579986810684204,0.4507046341896057,82.796875
527,0.009554884396493435,0.009554884396493435,0.0,1.6579735279083252,0.45070937275886536,82.79686737060547
528,0.010974040254950523,0.010974040254950523,0.0,1.6579487323760986,0.4507136642932892,82.79685974121094
529,0.01494752150028944,0.01494752150028944,0.0,1.6579242944717407,0.4507189989089966,82.79685974121094
530,0.014851439744234085,0.014851439744234085,0.0,1.6578991413116455,0.45072561502456665,82.79685974121094
531,0.015928857028484344,0.015928857028484344,0.0,1.657874584197998,0.45073115825653076,82.79685974121094
532,0.017421606928110123,0.017421606928110123,0.0,1.657850980758667,0.4507356286048889,82.79685974121094
533,0.01288340799510479,0.01288340799510479,0.0,1.6578243970870972,0.4507402181625366,82.79685974121094
534,0.018832435831427574,0.018832435831427574,0.0,1.6577993631362915,0.45074546337127686,82.79685974121094
535,0.01978188566863537,0.01978188566863537,0.0,1.6577763557434082,0.4507509171962738,82.79685974121094
536,0.009520760737359524,0.009520760737359524,0.0,1.6577551364898682,0.45075634121894836,82.79685974121094
537,0.017070326954126358,0.017070326954126358,0.0,1.6577361822128296,0.4507610499858856,82.79685974121094
538,0.026916304603219032,0.026916304603219032,0.0,1.657719612121582,0.4507652521133423,82.79685974121094
539,0.02177274599671364,0.02177274599671364,0.0,1.6577049493789673,0.4507692754268646,82.79685974121094
540,0.008938658982515335,0.008938658982515335,0.0,1.6576889753341675,0.45077410340309143,82.79685974121094
541,0.02915647253394127,0.02915647253394127,0.0,1.6576744318008423,0.450778067111969,82.79685974121094
542,0.04649940878152847,0.04649940878152847,0.0,1.6576615571975708,0.4507811665534973,82.79685974121094
543,0.04810700938105583,0.04810700938105583,0.0,1.6576502323150635,0.45078349113464355,82.7968521118164
544,0.0353836752474308,0.0353836752474308,0.0,1.6576400995254517,0.45078516006469727,82.79684448242188
545,0.012648140080273151,0.012648140080273151,0.0,1.657630443572998,0.45078641176223755,82.79683685302734
546,0.022914566099643707,0.022914566099643707,0.0,1.65762197971344,0.45078790187835693,82.79683685302734
547,0.040796175599098206,0.040796175599098206,0.0,1.6576151847839355,0.45078930258750916,82.79682922363281
548,0.04267626628279686,0.04267626628279686,0.0,1.6576100587844849,0.45079049468040466,82.79682159423828
549,0.030049912631511688,0.030049912631511688,0.0,1.6576060056686401,0.450791597366333,82.79681396484375
550,0.00814313068985939,0.00814313068985939,0.0,1.657602310180664,0.4507927894592285,82.79680633544922
551,0.030454128980636597,0.030454128980636597,0.0,1.6575993299484253,0.45079371333122253,82.79679870605469
552,0.05082213133573532,0.05082213133573532,0.0,1.6575974225997925,0.4507943391799927,82.79679107666016
553,0.054846007376909256,0.054846007376909256,0.0,1.6575965881347656,0.4507947266101837,82.79678344726562
554,0.04411756992340088,0.04411756992340088,0.0,1.6575967073440552,0.4507949948310852,82.7967758178711
555,0.0201917365193367,0.0201917365193367,0.0,1.6575970649719238,0.45079538226127625,82.79676818847656
556,0.013121339492499828,0.013121339492499828,0.0,1.6575974225997925,0.4507955014705658,82.79676055908203
557,0.030652066692709923,0.030652066692709923,0.0,1.6575980186462402,0.4507952630519867,82.7967529296875
558,0.03300275653600693,0.03300275653600693,0.0,1.6575987339019775,0.4507947266101837,82.79674530029297
559,0.021141253411769867,0.021141253411769867,0.0,1.6575994491577148,0.45079395174980164,82.79673767089844
560,0.007140398025512695,0.007140398025512695,0.0,1.6575982570648193,0.450793981552124,82.7967300415039
561,0.007743075955659151,0.007743075955659151,0.0,1.6575971841812134,0.4507941007614136,82.7967300415039
562,0.007321028038859367,0.007321028038859367,0.0,1.657596230506897,0.4507943093776703,82.7967300415039
563,0.006917281076312065,0.006917281076312065,0.0,1.6575927734375,0.45079484581947327,82.7967300415039
564,0.006414930336177349,0.006414930336177349,0.0,1.6575896739959717,0.45079541206359863,82.7967300415039
565,0.011483019217848778,0.011483019217848778,0.0,1.657586693763733,0.4507957398891449,82.7967300415039
566,0.011788038536906242,0.011788038536906242,0.0,1.6575835943222046,0.45079582929611206,82.7967300415039
567,0.008853464387357235,0.008853464387357235,0.0,1.6575757265090942,0.4507981538772583,82.7967300415039
568,0.008279405534267426,0.008279405534267426,0.0,1.657568097114563,0.45080021023750305,82.7967300415039
569,0.006269263569265604,0.006269263569265604,0.0,1.6575597524642944,0.45080244541168213,82.7967300415039
570,0.010556232184171677,0.010556232184171677,0.0,1.6575511693954468,0.45080411434173584,82.7967300415039
571,0.012928221374750137,0.012928221374750137,0.0,1.6575387716293335,0.45080575346946716,82.7967300415039
572,0.018522322177886963,0.018522322177886963,0.0,1.6575241088867188,0.45080915093421936,82.7967300415039
573,0.0191518384963274,0.0191518384963274,0.0,1.6575058698654175,0.4508146345615387,82.7967300415039
574,0.01974809169769287,0.01974809169769287,0.0,1.6574856042861938,0.45081910490989685,82.7967300415039
575,0.021505581215023994,0.021505581215023994,0.0,1.6574643850326538,0.4508223831653595,82.7967300415039
576,0.01807468943297863,0.01807468943297863,0.0,1.6574336290359497,0.4508267641067505,82.79672241210938
577,0.022667856886982918,0.022667856886982918,0.0,1.6574031114578247,0.4508326053619385,82.79671478271484
578,0.021790621802210808,0.021790621802210808,0.0,1.6573734283447266,0.45083940029144287,82.79670715332031
579,0.012048893608152866,0.012048893608152866,0.0,1.6573406457901,0.4508475065231323,82.79669952392578
580,0.024255037307739258,0.024255037307739258,0.0,1.6573110818862915,0.45085421204566956,82.79669189453125
581,0.03749069571495056,0.03749069571495056,0.0,1.6572850942611694,0.45085978507995605,82.79668426513672
582,0.036366455256938934,0.036366455256938934,0.0,1.6572625637054443,0.4508645832538605,82.79667663574219
583,0.021286435425281525,0.021286435425281525,0.0,1.6572422981262207,0.45086944103240967,82.79666900634766
584,0.011928074061870575,0.011928074061870575,0.0,1.6572222709655762,0.45087388157844543,82.79666137695312
585,0.022005172446370125,0.022005172446370125,0.0,1.657203197479248,0.45087748765945435,82.7966537475586
586,0.02222466841340065,0.02222466841340065,0.0,1.6571849584579468,0.45088034868240356,82.79664611816406
587,0.01397679839283228,0.01397679839283228,0.0,1.6571662425994873,0.4508829116821289,82.79663848876953
588,0.019338401034474373,0.019338401034474373,0.0,1.657147765159607,0.45088666677474976,82.79663848876953
589,0.025407375767827034,0.025407375767827034,0.0,1.657130241394043,0.45089128613471985,82.79663848876953
590,0.017718255519866943,0.017718255519866943,0.0,1.6571131944656372,0.45089662075042725,82.79663848876953
591,0.010515972971916199,0.010515972971916199,0.0,1.6570957899093628,0.45090171694755554,82.79663848876953
592,0.0131344273686409,0.0131344273686409,0.0,1.6570794582366943,0.45090627670288086,82.79663848876953
593,0.008520280010998249,0.008520280010998249,0.0,1.6570640802383423,0.4509105980396271,82.79663848876953
594,0.010651144199073315,0.010651144199073315,0.0,1.6570504903793335,0.45091432332992554,82.79663848876953
595,0.012719335965812206,0.012719335965812206,0.0,1.6570384502410889,0.4509173035621643,82.79663848876953
596,0.007977436296641827,0.007977436296641827,0.0,1.6570261716842651,0.45091962814331055,82.79663848876953
597,0.01830487698316574,0.01830487698316574,0.0,1.6570149660110474,0.4509221911430359,82.79663848876953
598,0.022529637441039085,0.022529637441039085,0.0,1.6570050716400146,0.45092490315437317,82.79663848876953
599,0.013050438836216927,0.013050438836216927,0.0,1.6569958925247192,0.4509277939796448,82.79663848876953
600,0.01121535710990429,0.01121535710990429,0.0,1.6569876670837402,0.45092999935150146,82.79663848876953
601,0.01763235591351986,0.01763235591351986,0.0,1.6569805145263672,0.4509316086769104,82.79663848876953
602,0.011859970167279243,0.011859970167279243,0.0,1.6569743156433105,0.4509328007698059,82.79663848876953
603,0.008216370828449726,0.008216370828449726,0.0,1.6569687128067017,0.4509340226650238,82.79663848876953
604,0.009749560616910458,0.009749560616910458,0.0,1.656963586807251,0.45093515515327454,82.79663848876953
605,0.006514941807836294,0.006514941807836294,0.0,1.6569576263427734,0.45093679428100586,82.79663848876953
606,0.006864739581942558,0.006864739581942558,0.0,1.6569517850875854,0.45093834400177,82.79663848876953
607,0.0069261230528354645,0.0069261230528354645,0.0,1.6569463014602661,0.45093992352485657,82.79663848876953
608,0.00661057885736227,0.00661057885736227,0.0,1.6569411754608154,0.45094141364097595,82.79663848876953
609,0.007033002562820911,0.007033002562820911,0.0,1.6569366455078125,0.4509426951408386,82.79663848876953
610,0.0064577264711260796,0.0064577264711260796,0.0,1.6569324731826782,0.4509439766407013,82.79663848876953
611,0.008602853864431381,0.008602853864431381,0.0,1.6569287776947021,0.45094507932662964,82.79663848876953
612,0.006505962926894426,0.006505962926894426,0.0,1.6569254398345947,0.4509461224079132,82.79663848876953
613,0.015189183875918388,0.015189183875918388,0.0,1.6569225788116455,0.45094701647758484,82.79663848876953
614,0.018284592777490616,0.018284592777490616,0.0,1.656920075416565,0.45094773173332214,82.79663848876953
615,0.00882093794643879,0.00882093794643879,0.0,1.6569178104400635,0.4509483277797699,82.79663848876953
616,0.014694057404994965,0.014694057404994965,0.0,1.6569160223007202,0.45094889402389526,82.79663848876953
617,0.021958155557513237,0.021958155557513237,0.0,1.6569149494171143,0.45094937086105347,82.79663848876953
618,0.014630740508437157,0.014630740508437157,0.0,1.656914234161377,0.4509497880935669,82.79663848876953
619,0.007290452718734741,0.007290452718734741,0.0,1.6569135189056396,0.45095014572143555,82.79663848876953
620,0.010194364003837109,0.010194364003837109,0.0,1.656912922859192,0.45095041394233704,82.79663848876953
621,0.006211196072399616,0.006211196072399616,0.0,1.6569122076034546,0.4509507119655609,82.79663848876953
622,0.019097626209259033,0.019097626209259033,0.0,1.6569119691848755,0.45095083117485046,82.79663848876953
623,0.02423178032040596,0.02423178032040596,0.0,1.656912088394165,0.4509506821632385,82.79663848876953
624,0.01471614371985197,0.01471614371985197,0.0,1.6569123268127441,0.4509503245353699,82.79663848876953
625,0.00846237875521183,0.00846237875521183,0.0,1.6569122076034546,0.4509502947330475,82.79663848876953
626,0.01186277437955141,0.01186277437955141,0.0,1.6569119691848755,0.4509505331516266,82.79663848876953
627,0.006943806074559689,0.006943806074559689,0.0,1.6569106578826904,0.45095112919807434,82.79663848876953
628,0.02250031754374504,0.02250031754374504,0.0,1.6569099426269531,0.4509514570236206,82.79663848876953
629,0.032169174402952194,0.032169174402952194,0.0,1.6569100618362427,0.45095160603523254,82.79663848876953
630,0.026353804394602776,0.026353804394602776,0.0,1.6569106578826904,0.45095178484916687,82.79663848876953
631,0.00952242687344551,0.00952242687344551,0.0,1.65691077709198,0.4509524703025818,82.79663848876953
632,0.023577513173222542,0.023577513173222542,0.0,1.6569108963012695,0.45095276832580566,82.79663848876953
633,0.039099931716918945,0.039099931716918945,0.0,1.6569111347198486,0.4509526491165161,82.79663848876953
634,0.03888823837041855,0.03888823837041855,0.0,1.6569113731384277,0.45095211267471313,82.79663848876953
635,0.024764232337474823,0.024764232337474823,0.0,1.6569114923477173,0.4509512484073639,82.79663848876953
636,0.008342282846570015,0.008342282846570015,0.0,1.6568922996520996,0.45095664262771606,82.796630859375
637,0.009458675049245358,0.009458675049245358,0.0,1.6568726301193237,0.4509614408016205,82.79662322998047
638,0.01578889600932598,0.01578889600932598,0.0,1.6568377017974854,0.4509710371494293,82.79661560058594
639,0.022492151707410812,0.022492151707410812,0.0,1.6568028926849365,0.4509788751602173,82.7966079711914
640,0.025390518829226494,0.025390518829226494,0.0,1.6567676067352295,0.45098504424095154,82.79660034179688
641,0.02349342592060566,0.02349342592060566,0.0,1.6567057371139526,0.4509967565536499,82.79659271240234
642,0.02885415591299534,0.02885415591299534,0.0,1.6566450595855713,0.4510103464126587,82.79658508300781
643,0.027681516483426094,0.027681516483426094,0.0,1.656585931777954,0.4510253667831421,82.79657745361328
644,0.01885032467544079,0.01885032467544079,0.0,1.6565005779266357,0.45104795694351196,82.79656982421875
645,0.03322777897119522,0.03322777897119522,0.0,1.656422734260559,0.4510672092437744,82.79656219482422
646,0.0481121763586998,0.0481121763586998,0.0,1.6563527584075928,0.45108363032341003,82.79655456542969
647,0.05209710821509361,0.05209710821509361,0.0,1.6562905311584473,0.4510978162288666,82.79654693603516
648,0.04188624024391174,0.04188624024391174,0.0,1.6562355756759644,0.451110303401947,82.79653930664062
649,0.019112560898065567,0.019112560898065567,0.0,1.6561856269836426,0.45112258195877075,82.7965316772461
650,0.022087309509515762,0.022087309509515762,0.0,1.6561394929885864,0.45113322138786316,82.79652404785156
651,0.03960533067584038,0.03960533067584038,0.0,1.6560968160629272,0.4511421322822571,82.79651641845703
652,0.04506979137659073,0.04506979137659073,0.0,1.6560571193695068,0.4511493444442749,82.7965087890625
653,0.039351657032966614,0.039351657032966614,0.0,1.656019687652588,0.45115500688552856,82.79650115966797
654,0.025299321860074997,0.025299321860074997,0.0,1.6559836864471436,0.4511595368385315,82.79649353027344
655,0.02332105115056038,0.02332105115056038,0.0,1.6559475660324097,0.45116642117500305,82.7964859008789
656,0.03419714793562889,0.03419714793562889,0.0,1.6559128761291504,0.4511750638484955,82.79647827148438
657,0.03121020272374153,0.03121020272374153,0.0,1.6558794975280762,0.4511852264404297,82.79647064208984
658,0.01844330132007599,0.01844330132007599,0.0,1.6558436155319214,0.45119786262512207,82.79646301269531
659,0.026700874790549278,0.026700874790549278,0.0,1.655809760093689,0.45120877027511597,82.79645538330078
660,0.036893684417009354,0.036893684417009354,0.0,1.655778408050537,0.4512180984020233,82.79644775390625
661,0.03628573566675186,0.03628573566675186,0.0,1.6557495594024658,0.4512261152267456,82.79644012451172
662,0.024180836975574493,0.024180836975574493,0.0,1.6557230949401855,0.4512331485748291,82.79643249511719
663,0.008652394637465477,0.008652394637465477,0.0,1.6556955575942993,0.451241672039032,82.79642486572266
664,0.024974744766950607,0.024974744766950607,0.0,1.6556711196899414,0.45124879479408264,82.79641723632812
665,0.03572347015142441,0.03572347015142441,0.0,1.6556490659713745,0.45125430822372437,82.7964096069336
666,0.03379363939166069,0.03379363939166069,0.0,1.6556285619735718,0.45125812292099,82.79640197753906
667,0.022280512377619743,0.022280512377619743,0.0,1.6556084156036377,0.451260507106781,82.79639434814453
668,0.020817693322896957,0.020817693322896957,0.0,1.6555851697921753,0.45126524567604065,82.79638671875
669,0.0301224235445261,0.0301224235445261,0.0,1.6555604934692383,0.45127207040786743,82.79637908935547
670,0.0265335813164711,0.0265335813164711,0.0,1.6555334329605103,0.4512811303138733,82.79637145996094
671,0.021857699379324913,0.021857699379324913,0.0,1.6555005311965942,0.451289564371109,82.7963638305664
672,0.02408856339752674,0.02408856339752674,0.0,1.6554667949676514,0.45129624009132385,82.79635620117188
673,0.020684126764535904,0.020684126764535904,0.0,1.655428409576416,0.45130249857902527,82.79634857177734
674,0.022828243672847748,0.022828243672847748,0.0,1.6553893089294434,0.45131078362464905,82.79634094238281
675,0.021414995193481445,0.021414995193481445,0.0,1.6553504467010498,0.4513205289840698,82.79633331298828
676,0.014209015294909477,0.014209015294909477,0.0,1.655300259590149,0.45133158564567566,82.79632568359375
677,0.011552139185369015,0.011552139185369015,0.0,1.6552537679672241,0.45134106278419495,82.79631805419922
678,0.006564607843756676,0.006564607843756676,0.0,1.6552118062973022,0.4513494074344635,82.79631042480469
679,0.014521528035402298,0.014521528035402298,0.0,1.6551733016967773,0.4513566792011261,82.79630279541016
680,0.020091872662305832,0.020091872662305832,0.0,1.655137300491333,0.451362669467926,82.79629516601562
681,0.017545467242598534,0.017545467242598534,0.0,1.6551008224487305,0.4513678252696991,82.7962875366211
682,0.023382630199193954,0.023382630199193954,0.0,1.6550636291503906,0.45137524604797363,82.79627990722656
683,0.028219696134328842,0.028219696134328842,0.0,1.6550260782241821,0.4513848125934601,82.79627227783203
684,0.02270173281431198,0.02270173281431198,0.0,1.6549814939498901,0.45139816403388977,82.7962646484375
685,0.029506079852581024,0.029506079852581024,0.0,1.6549381017684937,0.4514090120792389,82.79625701904297
686,0.036696359515190125,0.036696359515190125,0.0,1.6548963785171509,0.4514174461364746,82.79624938964844
687,0.03363919258117676,0.03363919258117676,0.0,1.6548562049865723,0.4514237344264984,82.7962417602539
688,0.022451501339673996,0.022451501339673996,0.0,1.6548155546188354,0.45142877101898193,82.79623413085938
689,0.025770189240574837,0.025770189240574837,0.0,1.6547751426696777,0.451435923576355,82.79622650146484
690,0.03298034518957138,0.03298034518957138,0.0,1.6547359228134155,0.4514446556568146,82.79621887207031
691,0.02580942213535309,0.02580942213535309,0.0,1.6546980142593384,0.4514545500278473,82.79621124267578
692,0.013245075941085815,0.013245075941085815,0.0,1.6546282768249512,0.451471209526062,82.79620361328125
693,0.022503841668367386,0.022503841668367386,0.0,1.6545655727386475,0.45148590207099915,82.79619598388672
694,0.033446747809648514,0.033446747809648514,0.0,1.6545095443725586,0.45149970054626465,82.79618835449219
695,0.029941413551568985,0.029941413551568985,0.0,1.6544570922851562,0.45151418447494507,82.79618072509766
696,0.02095048315823078,0.02095048315823078,0.0,1.6543521881103516,0.45154568552970886,82.79617309570312
697,0.0455845408141613,0.0455845408141613,0.0,1.6542562246322632,0.4515727460384369,82.7961654663086
698,0.06891559809446335,0.06891559809446335,0.0,1.6541692018508911,0.4515957534313202,82.79615783691406
699,0.07980765402317047,0.07980765402317047,0.0,1.6540906429290771,0.45161518454551697,82.79615020751953
700,0.07723589241504669,0.07723589241504669,0.0,1.6540199518203735,0.4516315162181854,82.796142578125
701,0.06108085438609123,0.06108085438609123,0.0,1.653956413269043,0.45164528489112854,82.79613494873047
702,0.033218275755643845,0.033218275755643845,0.0,1.6538989543914795,0.4516570568084717,82.79612731933594
703,0.009520603343844414,0.009520603343844414,0.0,1.6538454294204712,0.45166879892349243,82.7961196899414
704,0.022885041311383247,0.022885041311383247,0.0,1.6537976264953613,0.4516794681549072,82.79611206054688
705,0.025115931406617165,0.025115931406617165,0.0,1.6537549495697021,0.45168888568878174,82.79610443115234
706,0.013625718653202057,0.013625718653202057,0.0,1.6537163257598877,0.45169711112976074,82.79609680175781
707,0.011605002917349339,0.011605002917349339,0.0,1.6536803245544434,0.45170533657073975,82.79608917236328
708,0.017744535580277443,0.017744535580277443,0.0,1.6536468267440796,0.4517137408256531,82.79608154296875
709,0.01234244741499424,0.01234244741499424,0.0,1.6536142826080322,0.451722651720047,82.79607391357422
710,0.01594490185379982,0.01594490185379982,0.0,1.6535840034484863,0.4517301023006439,82.79606628417969
711,0.021770410239696503,0.021770410239696503,0.0,1.6535561084747314,0.451736181974411,82.79605865478516
712,0.016158996149897575,0.016158996149897575,0.0,1.6535301208496094,0.451741099357605,82.79605102539062
713,0.010039841756224632,0.010039841756224632,0.0,1.6535025835037231,0.45174720883369446,82.7960433959961
714,0.008813265711069107,0.008813265711069107,0.0,1.6534756422042847,0.45175373554229736,82.79603576660156
715,0.011135389097034931,0.011135389097034931,0.0,1.6534513235092163,0.4517594575881958,82.79602813720703
716,0.011966628022491932,0.011966628022491932,0.0,1.653429627418518,0.45176467299461365,82.7960205078125
717,0.007414018269628286,0.007414018269628286,0.0,1.6534079313278198,0.4517695903778076,82.79601287841797
718,0.008072065189480782,0.008072065189480782,0.0,1.6533879041671753,0.45177385210990906,82.79600524902344
719,0.007213888689875603,0.007213888689875603,0.0,1.6533695459365845,0.45177799463272095,82.79600524902344
720,0.006990338675677776,0.006990338675677776,0.0,1.653352975845337,0.4517817199230194,82.79600524902344
721,0.006551600992679596,0.006551600992679596,0.0,1.6533375978469849,0.45178502798080444,82.79600524902344
722,0.007259385660290718,0.007259385660290718,0.0,1.6533232927322388,0.45178836584091187,82.79600524902344
723,0.007930069230496883,0.007930069230496883,0.0,1.6533167362213135,0.4517897963523865,82.79600524902344
724,0.007043113000690937,0.007043113000690937,0.0,1.653310775756836,0.45179104804992676,82.79600524902344
725,0.007030149921774864,0.007030149921774864,0.0,1.6533054113388062,0.45179224014282227,82.79600524902344
726,0.0069184377789497375,0.0069184377789497375,0.0,1.6533005237579346,0.4517933130264282,82.79600524902344
727,0.00656552379950881,0.00656552379950881,0.0,1.6532961130142212,0.4517943263053894,82.79600524902344
728,0.006471212022006512,0.006471212022006512,0.0,1.6532920598983765,0.4517952799797058,82.79600524902344
729,0.007756458595395088,0.007756458595395088,0.0,1.65328848361969,0.4517960846424103,82.79600524902344
730,0.00816075224429369,0.00816075224429369,0.0,1.653285264968872,0.4517967402935028,82.79600524902344
731,0.006284153088927269,0.006284153088927269,0.0,1.6532821655273438,0.4517972767353058,82.79600524902344
732,0.009987957775592804,0.009987957775592804,0.0,1.653279423713684,0.451797753572464,82.79600524902344
733,0.012048972770571709,0.012048972770571709,0.0,1.653277039527893,0.4517981708049774,82.79600524902344
734,0.008784851059317589,0.008784851059317589,0.0,1.6532747745513916,0.4517984986305237,82.79600524902344
735,0.0069467853754758835,0.0069467853754758835,0.0,1.6532725095748901,0.4517990052700043,82.79600524902344
736,0.0074204253032803535,0.0074204253032803535,0.0,1.6532703638076782,0.4517996311187744,82.79600524902344
737,0.006487186998128891,0.006487186998128891,0.0,1.6532679796218872,0.45180025696754456,82.79600524902344
738,0.006283446680754423,0.006283446680754423,0.0,1.6532657146453857,0.4518008530139923,82.79600524902344
739,0.007102501578629017,0.007102501578629017,0.0,1.653263807296753,0.4518013596534729,82.79600524902344
740,0.00695260101929307,0.00695260101929307,0.0,1.6532620191574097,0.45180171728134155,82.79600524902344
741,0.007151738274842501,0.007151738274842501,0.0,1.6532601118087769,0.45180219411849976,82.79600524902344
742,0.006844956427812576,0.006844956427812576,0.0,1.653257966041565,0.4518028199672699,82.79600524902344
743,0.008877498097717762,0.008877498097717762,0.0,1.6532560586929321,0.4518032968044281,82.79600524902344
744,0.01046641543507576,0.01046641543507576,0.0,1.653254508972168,0.45180365443229675,82.79600524902344
745,0.007530061528086662,0.007530061528086662,0.0,1.653253197669983,0.451803982257843,82.79600524902344
746,0.007559630088508129,0.007559630088508129,0.0,1.6532518863677979,0.4518042802810669,82.79600524902344
747,0.009687148034572601,0.009687148034572601,0.0,1.6532506942749023,0.4518044888973236,82.79600524902344
748,0.007740620989352465,0.007740620989352465,0.0,1.6532495021820068,0.45180466771125793,82.79600524902344
749,0.007235121447592974,0.007235121447592974,0.0,1.6532481908798218,0.4518050253391266,82.79600524902344
750,0.007525025401264429,0.007525025401264429,0.0,1.6532468795776367,0.4518054723739624,82.79600524902344
751,0.006374967284500599,0.006374967284500599,0.0,1.653245449066162,0.451805979013443,82.79600524902344
752,0.006269344128668308,0.006269344128668308,0.0,1.6532440185546875,0.4518064856529236,82.79600524902344
753,0.007237622514367104,0.007237622514367104,0.0,1.653242826461792,0.4518068730831146,82.79600524902344
754,0.007141022942960262,0.007141022942960262,0.0,1.653241753578186,0.4518071115016937,82.79600524902344
755,0.006857947446405888,0.006857947446405888,0.0,1.653240442276001,0.4518074691295624,82.79600524902344
756,0.006493049673736095,0.006493049673736095,0.0,1.6532381772994995,0.45180797576904297,82.79600524902344
757,0.01288447342813015,0.01288447342813015,0.0,1.6532362699508667,0.45180848240852356,82.79600524902344
758,0.018311668187379837,0.018311668187379837,0.0,1.653234601020813,0.4518091678619385,82.79600524902344
759,0.016747061163187027,0.016747061163187027,0.0,1.6532326936721802,0.4518102705478668,82.79600524902344
760,0.011381519958376884,0.011381519958376884,0.0,1.6532292366027832,0.45181214809417725,82.79600524902344
761,0.014646262861788273,0.014646262861788273,0.0,1.6532254219055176,0.45181357860565186,82.79600524902344
762,0.021473165601491928,0.021473165601491928,0.0,1.6532214879989624,0.4518145024776459,82.79600524902344
763,0.022880621254444122,0.022880621254444122,0.0,1.6532175540924072,0.4518149495124817,82.79600524902344
764,0.018881408497691154,0.018881408497691154,0.0,1.653213381767273,0.4518149793148041,82.79600524902344
765,0.01264859177172184,0.01264859177172184,0.0,1.6532078981399536,0.4518149197101593,82.79600524902344
766,0.01530388556420803,0.01530388556420803,0.0,1.6532018184661865,0.451815664768219,82.79600524902344
767,0.02037285827100277,0.02037285827100277,0.0,1.6531956195831299,0.45181703567504883,82.79600524902344
768,0.01895071379840374,0.01895071379840374,0.0,1.6531894207000732,0.45181888341903687,82.79600524902344
769,0.012252384796738625,0.012252384796738625,0.0,1.653182864189148,0.4518211781978607,82.79600524902344
770,0.01001044176518917,0.01001044176518917,0.0,1.6531763076782227,0.45182308554649353,82.79600524902344
771,0.013446720317006111,0.013446720317006111,0.0,1.6531702280044556,0.4518246054649353,82.79600524902344
772,0.012879441492259502,0.012879441492259502,0.0,1.6531646251678467,0.4518257975578308,82.79600524902344
773,0.00807773694396019,0.00807773694396019,0.0,1.653159499168396,0.4518267810344696,82.79600524902344
774,0.007715333253145218,0.007715333253145218,0.0,1.653154969215393,0.4518277049064636,82.79600524902344
775,0.010109338909387589,0.010109338909387589,0.0,1.6531509160995483,0.4518284797668457,82.79600524902344
776,0.008395222947001457,0.008395222947001457,0.0,1.6531471014022827,0.45182910561561584,82.79600524902344
777,0.0075497981160879135,0.0075497981160879135,0.0,1.6531425714492798,0.4518301486968994,82.79600524902344
778,0.007419466972351074,0.007419466972351074,0.0,1.65313720703125,0.4518316388130188,82.79600524902344
779,0.008617222309112549,0.008617222309112549,0.0,1.6531323194503784,0.4518328905105591,82.79600524902344
780,0.009769711643457413,0.009769711643457413,0.0,1.653127908706665,0.4518339931964874,82.79600524902344
781,0.007072244305163622,0.007072244305163622,0.0,1.6531239748001099,0.4518350064754486,82.79600524902344
782,0.008310968056321144,0.008310968056321144,0.0,1.6531203985214233,0.45183584094047546,82.79600524902344
783,0.010921774432063103,0.010921774432063103,0.0,1.6531171798706055,0.451836496591568,82.79600524902344
784,0.00888217706233263,0.00888217706233263,0.0,1.6531141996383667,0.4518369734287262,82.79600524902344
785,0.007160757668316364,0.007160757668316364,0.0,1.6531107425689697,0.45183780789375305,82.79600524902344
786,0.006712806411087513,0.006712806411087513,0.0,1.6531072854995728,0.4518388509750366,82.79600524902344
787,0.009084053337574005,0.009084053337574005,0.0,1.6531041860580444,0.45183977484703064,82.79600524902344
788,0.01077781431376934,0.01077781431376934,0.0,1.6531013250350952,0.45184072852134705,82.79600524902344
789,0.008152993395924568,0.008152993395924568,0.0,1.653098225593567,0.45184189081192017,82.79600524902344
790,0.009767781011760235,0.009767781011760235,0.0,1.6530951261520386,0.4518427550792694,82.79600524902344
791,0.013461523689329624,0.013461523689329624,0.0,1.6530921459197998,0.4518433213233948,82.79600524902344
792,0.012259073555469513,0.012259073555469513,0.0,1.6530892848968506,0.45184358954429626,82.79600524902344
793,0.008400305174291134,0.008400305174291134,0.0,1.653085708618164,0.4518437385559082,82.79600524902344
794,0.011123791337013245,0.011123791337013245,0.0,1.6530821323394775,0.4518442153930664,82.79600524902344
795,0.014085900969803333,0.014085900969803333,0.0,1.6530787944793701,0.45184487104415894,82.79600524902344
796,0.011118126101791859,0.011118126101791859,0.0,1.6530756950378418,0.451845645904541,82.79600524902344
797,0.0064651560969650745,0.0064651560969650745,0.0,1.653070330619812,0.4518466293811798,82.79600524902344
798,0.022299420088529587,0.022299420088529587,0.0,1.6530656814575195,0.451847642660141,82.79600524902344
799,0.03721333667635918,0.03721333667635918,0.0,1.6530615091323853,0.4518490433692932,82.79600524902344
800,0.04339056462049484,0.04339056462049484,0.0,1.653057336807251,0.4518511891365051,82.79600524902344
801,0.041681867092847824,0.041681867092847824,0.0,1.653052568435669,0.45185428857803345,82.79600524902344
802,0.032907530665397644,0.032907530665397644,0.0,1.6530468463897705,0.45185837149620056,82.79600524902344
803,0.020863257348537445,0.020863257348537445,0.0,1.6530381441116333,0.4518638849258423,82.79600524902344
804,0.024970484897494316,0.024970484897494316,0.0,1.6530284881591797,0.4518682360649109,82.79600524902344
805,0.03580724075436592,0.03580724075436592,0.0,1.6530184745788574,0.4518713057041168,82.79600524902344
806,0.04109727218747139,0.04109727218747139,0.0,1.653008222579956,0.45187318325042725,82.79600524902344
807,0.04073435440659523,0.04073435440659523,0.0,1.652997612953186,0.45187392830848694,82.79600524902344
808,0.03536268323659897,0.03536268323659897,0.0,1.6529866456985474,0.4518737196922302,82.79600524902344
809,0.026345515623688698,0.026345515623688698,0.0,1.6529746055603027,0.45187288522720337,82.79600524902344
810,0.022269362583756447,0.022269362583756447,0.0,1.652955412864685,0.4518752992153168,82.79600524902344
811,0.025212248787283897,0.025212248787283897,0.0,1.6529351472854614,0.45187926292419434,82.79600524902344
812,0.023935243487358093,0.023935243487358093,0.0,1.6529139280319214,0.45188450813293457,82.79600524902344
813,0.019045429304242134,0.019045429304242134,0.0,1.6528873443603516,0.4518918991088867,82.79600524902344
814,0.0203106552362442,0.0203106552362442,0.0,1.6528618335723877,0.4518980383872986,82.79600524902344
815,0.023965910077095032,0.023965910077095032,0.0,1.6528379917144775,0.45190295577049255,82.79600524902344
816,0.022898880764842033,0.022898880764842033,0.0,1.652815818786621,0.45190680027008057,82.79600524902344
817,0.016941072419285774,0.016941072419285774,0.0,1.6527951955795288,0.4519098103046417,82.79600524902344
818,0.01025425549596548,0.01025425549596548,0.0,1.6527727842330933,0.45191270112991333,82.79600524902344
819,0.014339085668325424,0.014339085668325424,0.0,1.652752161026001,0.4519157111644745,82.79600524902344
820,0.018661601468920708,0.018661601468920708,0.0,1.652733564376831,0.4519185721874237,82.79600524902344
821,0.016146400943398476,0.016146400943398476,0.0,1.6527167558670044,0.45192116498947144,82.79600524902344
